County,Total_Program_Impact_Score,Median_Household_Income,Poverty_Rate,Unemployment_Rate,Advanced_Degree_Rate,Young_Adult_Bachelors_Plus_Rate,STEM_Employment_Rate,Professional_Services_Rate,Low_Income_Digital_Access_Rate,Total_Population
Sedgwick County,11.4,67675,0.14042855,0.052271102246641325,0.206613822,0.315854937,0.060629765,0.068424396,1.278839023,524810
Douglas County,10.3,68756,0.152042047,0.046807716598725381,0.308096397,0.520306827,0.08410258,0.094733989,1.223334315,119547
Riley County,9.0,59560,0.22035586,0.04692138013670652,0.241849114,0.479764309,0.072775587,0.088719355,1.204648443,71710
Johnson County,3.9000000000000004,107261,0.05334297,0.031597579833089959,0.388025324,0.568751386,0.108153586,0.168042731,1.168117344,614764
Ellis County,3.3000000000000003,59889,0.177341873,0.031612903225806455,0.236854867,0.395465849,0.039609957,0.066440555,1.214234875,28870
Crawford County,3.3000000000000003,50311,0.207983419,0.034564021995286721,0.192207992,0.319742123,0.028173312,0.046124898,1.364913981,38963
Saline County,2.5,63316,0.123432482,0.035936299504086049,0.197951711,0.2908644,0.038978446,0.03608042,1.373196836,53801
McPherson County,2.5,77701,0.090870653,0.020252853811218854,0.219980086,0.330854091,0.057379103,0.040340767,1.406818182,30130
Shawnee County,2.4,66043,0.12368945,0.041579876833906904,0.220357233,0.32334063,0.054687408,0.058100941,1.434228457,178315
Leavenworth County,2.4,86906,0.086405202,0.042845041943328686,0.24880899,0.366145174,0.05606783,0.074937909,1.294577554,82493
Lyon County,2.2,59078,0.151574613,0.024945770065075923,0.167708819,0.277143738,0.040864118,0.038932147,1.339469809,32145
Butler County,1.9,80375,0.09034422,0.031084776663628078,0.21585488,0.325705399,0.063630947,0.061372973,1.416420555,67916
Cowley County,1.5999999999999999,58263,0.138569207,0.049740997316357734,0.15991533,0.242566854,0.031722054,0.03822409,1.382394366,34487
Marion County,1.3,63438,0.100308922,0.030313351498637602,0.195676134,0.28767294,0.038285915,0.033017211,1.639885222,11795
Seward County,1.2,62269,0.129774938,0.042369772560528249,0.073983364,0.126621322,0.022888336,0.02604865,1.335959885,21640
Atchison County,1.1,62164,0.127765638,0.041508509856740539,0.140706927,0.229200161,0.025421564,0.047138477,1.466786355,16211
Ford County,0.5,70495,0.14374416,0.046516930794664235,0.12208127,0.207138241,0.02798039,0.031806768,1.341373886,34133
Allen County,0.0,57618,0.131117574,0.068913982065758883,0.14562485,0.212723658,0.040663456,0.026573925,1.378773126,12491
Wyandotte County,0.0,60582,0.175001663,0.053992312713032127,0.12977875,0.204705328,0.045025362,0.054774043,1.36004682,167277
Decatur County,0.0,52030,0.129601803,0.03711484593837535,0.2199563,0.278084715,0.010181818,0.026181818,1.26911315,2746
Dickinson County,0.0,67982,0.088233664,0.023654513888888888,0.155240732,0.219308335,0.032229384,0.061124694,1.301127214,18423
Doniphan County,0.0,72833,0.09800148,0.015103338632750398,0.142685531,0.214960788,0.04196933,0.032015066,1.364185111,7492
Coffey County,0.0,67377,0.095563974,0.059950859950859949,0.151372832,0.212187711,0.027443806,0.030318871,1.378424658,8304
Edwards County,0.0,53792,0.164249456,0.046666666666666669,0.146254881,0.20693119,0.02952603,0.031080031,1.488986784,2817
Elk County,0.0,56087,0.16721044,0.034550839091806514,0.149756494,0.205800335,0.024539877,0.047034765,1.311355311,2464
Cloud County,0.0,57333,0.101565258,0.042097998619737752,0.148445336,0.224016145,0.020893372,0.049231508,1.357758621,8973
Ellsworth County,0.0,66792,0.084514925,0.028571428571428571,0.170750864,0.220576299,0.014338235,0.039705882,1.49244713,6366
Finney County,0.0,72437,0.116912081,0.054128160861175993,0.116891661,0.197352053,0.021956195,0.027914967,1.377262443,38001
Clay County,0.0,63136,0.129253428,0.011117136659436009,0.164911411,0.233549746,0.045791061,0.046339457,1.67201426,8071
Franklin County,0.0,72142,0.096452109,0.024183006535947713,0.171693468,0.252961514,0.058792885,0.05685793,1.441371016,25994
Geary County,0.0,57344,0.192671089,0.059711531275689407,0.133026884,0.243784143,0.034255285,0.05182006,1.194925373,35895
Gove County,0.0,63203,0.040831207,0.035075161059413031,0.141630901,0.20952381,0.005934718,0.027448071,1.463054187,2796
Graham County,0.0,52909,0.112610713,0.042105263157894736,0.199085619,0.273870783,0.016060862,0.019442096,1.234375,2406
Grant County,0.0,72484,0.054211843,0.024576734025122882,0.152526085,0.255755064,0.006718925,0.033034714,1.161157025,7284
Gray County,0.0,77885,0.069459557,0.021364576154376293,0.156952247,0.249372385,0.020422535,0.029929577,1.362369338,5696
Greeley County,0.0,78819,0.1,0.0014619883040935672,0.214506173,0.334939759,0.043923865,0.084919473,1.214285714,1296
Greenwood County,0.0,58276,0.148671662,0.027576697690451568,0.138347884,0.189861751,0.023395959,0.029422191,1.423076923,5956
Hamilton County,0.0,61929,0.037171717,0.0084602368866328256,0.127162978,0.208168643,0,0.02559727,1.396396396,2485
Harper County,0.0,55417,0.152775165,0.035259133389974509,0.146345942,0.216693855,0.021576398,0.022016733,1.496644295,5446
Harvey County,0.0,73269,0.079597101,0.041812848680048309,0.211572007,0.31489549,0.045378151,0.052521008,1.325536993,33823
Haskell County,0.0,69138,0.107559755,0.04878048780487805,0.140460081,0.222174658,0.027429934,0.007751938,1.35106383,3695
Hodgeman County,0.0,63125,0.06043956,0.027972027972027972,0.195704057,0.283982684,0.029976019,0.061151079,1.513513514,1676
Jackson County,0.0,72703,0.090895203,0.017637220617302721,0.142426753,0.210251279,0.036062529,0.041170098,1.357992074,13277
Jefferson County,0.0,77393,0.063160793,0.02360313315926893,0.174541895,0.2456382,0.043213178,0.065140657,1.411648569,18391
Jewell County,0.0,52344,0.128169503,0.004335260115606936,0.142660708,0.188208617,0.021770682,0.057329463,1.481228669,2909
Clark County,0.0,65515,0.09447983,0.02063983488132095,0.216406643,0.309575234,0.010537408,0.055848261,1.492647059,1987
Kearny County,0.0,74135,0.060637742,0.01347557551937114,0.091304348,0.146431501,0.026750142,0.018782015,1.256637168,3910
Kingman County,0.0,59819,0.093758746,0.0371856607811664,0.167353103,0.238272088,0.035565435,0.027507641,1.427991886,7284
Kiowa County,0.0,73214,0.056586691,0.033699059561128529,0.189099917,0.275903614,0.02027575,0.04136253,1.642201835,2422
Labette County,0.0,55439,0.160744675,0.028329219873376971,0.144067372,0.210703812,0.025179459,0.052678078,1.737759893,19949
Lane County,0.0,53042,0.081208054,0.0053120849933598934,0.175684703,0.246254682,0.005340454,0.073431242,1.826923077,1497
Cheyenne County,0.0,55765,0.174131274,0.0178988326848249,0.152968037,0.216129032,0.035657686,0.05229794,1.497991968,2628
Lincoln County,0.0,53546,0.118691263,0.017333333333333333,0.154582763,0.215340638,0.006784261,0.02917232,1.5,2924
Linn County,0.0,59200,0.106811307,0.037370850736425591,0.159827214,0.224858921,0.027860242,0.025576616,1.407635468,9723
Logan County,0.0,71389,0.131921219,0.012388162422573986,0.187867647,0.266562337,0.005574913,0.045296167,1.290178571,2720
Cherokee County,0.0,58274,0.130570057,0.0356120826709062,0.139737991,0.201197605,0.020881416,0.025717112,1.451612903,19236
Chautauqua County,0.0,54592,0.168674699,0.062585969738651992,0.13115727,0.183478622,0.002934703,0.01027146,1.504273504,3370
Chase County,0.0,54518,0.104963385,0.0074503311258278145,0.212485459,0.292735043,0.019182652,0.020016681,1.67804878,2579
Marshall County,0.0,70828,0.093583436,0.018281895026538236,0.130686931,0.188790987,0.030837004,0.03484181,1.384722222,10001
Meade County,0.0,74868,0.066199377,0.011548556430446194,0.146619397,0.227504912,0.038767924,0.038236856,1.467889908,3949
Miami County,0.0,88000,0.066664706,0.0276690888764673,0.219379061,0.321469381,0.053233688,0.089450992,1.487790698,34625
Mitchell County,0.0,58233,0.124733475,0.008771929824561403,0.173573782,0.254319106,0.015486726,0.052359882,1.364,5767
Montgomery County,0.0,53242,0.162820768,0.038711057246738435,0.143370902,0.213075638,0.031592999,0.039750816,1.395631068,31143
Morris County,0.0,56716,0.127711752,0.019886363636363636,0.202487008,0.27315974,0.021014493,0.099637681,1.363957597,5388
Morton County,0.0,65625,0.147788984,0.035836177474402729,0.116358141,0.165858912,0.023893805,0.02300885,1.18487395,2647
Nemaha County,0.0,77375,0.07720291,0.008840864440078585,0.195535102,0.301297526,0.044995045,0.030525273,1.374422188,10213
Neosho County,0.0,55704,0.154048716,0.0463514766256125,0.144893414,0.218061674,0.029856964,0.027496181,1.403326403,15715
Ness County,0.0,66107,0.114065511,0.010238907849829351,0.158706281,0.230098146,0.027586207,0.037931034,1.314917127,2659
Norton County,0.0,50305,0.085285422,0.006369426751592357,0.142433234,0.194282823,0.028599606,0.054240631,1.086440678,5392
Osage County,0.0,70216,0.109988415,0.0253099173553719,0.146451204,0.209976377,0.035771065,0.054848967,1.407550823,15780
Osborne County,0.0,59408,0.124554102,0.016022099447513812,0.166138785,0.23043131,0.028074116,0.026951151,1.324561404,3473
Ottawa County,0.0,76755,0.121153166,0.032356948228882833,0.170183328,0.242723236,0.038366772,0.029567054,1.35770235,5782
Pawnee County,0.0,63625,0.112239247,0.012195121951219513,0.146945338,0.187756779,0.025044092,0.029982363,1.287378641,6220
Phillips County,0.0,61235,0.138429319,0.031746031746031744,0.156339762,0.223263991,0.026140895,0.05006646,1.410199557,4874
Pottawatomie County,0.0,87694,0.07111146,0.019058119388880138,0.233144761,0.365419653,0.055956969,0.066473988,1.238998483,25808
Pratt County,0.0,64348,0.095489782,0.037154508382419571,0.16995614,0.265592872,0.026588235,0.040941176,1.550949914,9120
Rawlins County,0.0,65000,0.100921105,0.011661807580174927,0.125148046,0.172940535,0.036873156,0.054572271,1.264227642,2533
Reno County,0.0,60498,0.124369748,0.039280300533843009,0.141247791,0.205489789,0.033031488,0.042395555,1.472245409,61693
Republic County,0.0,53611,0.145929339,0.010478359908883827,0.178893179,0.253726803,0.051104972,0.063996317,1.815718157,4662
Rice County,0.0,63947,0.073625243,0.033492822966507178,0.157418255,0.242692939,0.042529253,0.047929793,1.574952562,9389
Brown County,0.0,58886,0.142093784,0.053676631027711107,0.125862985,0.183011583,0.034586119,0.035508416,1.390870185,9415
Rooks County,0.0,61596,0.053175457,0.021044111695669769,0.176216882,0.240201568,0.038859033,0.027697396,1.469964664,4869
Rush County,0.0,60288,0.11419646,0.051080550098231828,0.154548529,0.215160075,0.035886818,0.06763285,1.338870432,2957
Russell County,0.0,53902,0.15349335,0.018571428571428572,0.129224356,0.180758017,0.039883552,0.074235808,1.482919255,6717
Bourbon County,0.0,67555,0.11776889,0.038231949971574759,0.159482759,0.243111488,0.025417467,0.040933944,1.296266878,14384
Scott County,0.0,67788,0.08838435,0.011139992573338284,0.226188129,0.333915575,0.033045437,0.054449869,1.905829596,5071
Barton County,0.0,56733,0.147380355,0.032796042132141719,0.147260138,0.216722953,0.020707862,0.044715783,1.354166667,25275
Barber County,0.0,57615,0.176441597,0.02274837511606314,0.18444498,0.271246459,0.001425178,0.019477435,1.417177914,4153
Anderson County,0.0,64925,0.109034268,0.040930754135127555,0.105256427,0.158086823,0.017246419,0.029815843,1.388059701,7819
Sheridan County,0.0,70000,0.104391052,0.0061443932411674347,0.163390663,0.242553191,0.007727975,0.028593509,1.155555556,2442
Sherman County,0.0,64444,0.100288081,0.0037771482530689331,0.161513769,0.251380489,0.022432859,0.033807267,1.314148681,5919
Smith County,0.0,57024,0.078369906,0.016255605381165918,0.182732607,0.245587683,0.017663818,0.035327635,1.48013245,3579
Stafford County,0.0,63786,0.108121957,0.025793650793650792,0.181068931,0.263349074,0.010183299,0.035641548,1.375,4004
Stanton County,0.0,70361,0.128772636,0.022058823529411766,0.153121903,0.23696319,0.077336198,0.035445757,1.143939394,2018
Stevens County,0.0,61909,0.152821317,0.044794690999585232,0.101496546,0.16231973,0.00694746,0.029960921,1.356223176,5212
Sumner County,0.0,60348,0.107548033,0.059531646760086522,0.180961315,0.26716349,0.0371,0.0542,1.650269024,22386
Thomas County,0.0,73575,0.068910256,0.0014144271570014145,0.188676861,0.302471637,0.054060434,0.076487252,1.182552504,7913
Trego County,0.0,73375,0.05510355,0.010731052984574111,0.220302376,0.287458901,0.011525424,0.035254237,1.275,2778
Wabaunsee County,0.0,70536,0.070546737,0.039871944121071014,0.183163339,0.26645768,0.040012125,0.033949682,1.632653061,6961
Wallace County,0.0,60263,0.128222997,0.0125,0.15695682,0.226732673,0,0.016877637,1.287878788,1459
Washington County,0.0,62452,0.081180812,0.015290519877675841,0.161261098,0.2330453,0.028338509,0.038431677,1.776536313,5519
Wichita County,0.0,71282,0.163167939,0.00522466039707419,0.130496454,0.188395904,0.049369748,0.012605042,1.114427861,2115
Wilson County,0.0,57056,0.157907225,0.03546626984126984,0.147563968,0.212554695,0.049884289,0.048598611,1.622047244,8559
Woodson County,0.0,48152,0.123091913,0.025129342202512936,0.170942912,0.226039016,0.017437453,0.013646702,1.377952756,3118
Comanche County,0.0,49417,0.111797406,0.024361948955916472,0.143620178,0.191911182,0.001189061,0.033293698,1.461538462,1685
