County_Name,County_Population,County_Latitude,County_Longitude,Elementary_Schools,Middle_Schools,High_Schools,Virtual_Schools,Other_Schools,Four_Year_Colleges,Two_Year_Colleges,Less_Than_Two_Year_Colleges,Four_Year_Colleges_With_DS_AI,Two_Year_Colleges_With_DS_AI,Less_Than_Two_Year_Colleges_With_DS_AI,Online_Impact_Score,Total_Program_Impact_Score,Broadband_Access_Index,Internet_Adoption_Pct,Avg_Broadband_Coverage_Pct,Pct_No_Internet,Total_Households,Effective_Access_Score,Median_Household_Income,Poverty_Rate,Unemployment_Rate,Advanced_Degree_Rate,Young_Adult_Bachelors_Plus_Rate,STEM_Employment_Rate,Professional_Services_Rate,Low_Income_Digital_Access_Rate,Has_Programs
Allen County,12491,37.8842285,-95.3009448,3,2,3,3,1,0,2,0,0,0,0,0.0,0.0,0.80247398329819819,82.6,77.9,13.8,5014,0.0,57618,0.131117574,0.068913982065758883,0.14562485,0.212723658,0.040663456,0.026573925,1.378773126,0
Anderson County,7819,38.2151139,-95.2920464,3,0,2,0,1,0,0,0,0,0,0,0.0,0.0,0.71334835687777787,72.1,70.6,22.8,3287,0.0,64925,0.109034268,0.040930754135127555,0.105256427,0.158086823,0.017246419,0.029815843,1.388059701,0
Atchison County,16211,39.5325441,-95.3133975,2,1,2,0,2,2,0,0,1,0,0,0.0,1.1,0.8305635624151515,84.0,82.1,13.2,5876,0.0,62164,0.127765638,0.041508509856740539,0.140706927,0.229200161,0.025421564,0.047138477,1.466786355,1
Barber County,4153,37.2229059,-98.685052,1,0,1,0,2,0,0,0,0,0,0,0.0,0.0,0.7677626869,84.9,68.6,14.0,1806,0.0,57615,0.176441597,0.02274837511606314,0.18444498,0.271246459,0.001425178,0.019477435,1.417177914,0
Barton County,25275,38.4812394,-98.7678374,8,3,4,0,2,0,2,0,0,0,0,0.0,0.0,0.81000694329212153,85.7,76.3,13.2,10219,0.0,56733,0.147380355,0.032796042132141719,0.147260138,0.216722953,0.020707862,0.044715783,1.354166667,0
Bourbon County,14384,37.8560997,-94.8509284,3,1,2,0,1,0,2,0,0,0,0,0.0,0.0,0.82514018828484836,87.8,77.2,10.3,5770,0.0,67555,0.11776889,0.038231949971574759,0.159482759,0.243111488,0.025417467,0.040933944,1.296266878,0
Brown County,9415,39.8259308,-95.5699047,2,2,2,0,0,0,0,0,0,0,0,0.0,0.0,0.82801456933888873,84.8,80.8,12.1,3719,0.0,58886,0.142093784,0.053676631027711107,0.125862985,0.183011583,0.034586119,0.035508416,1.390870185,0
Butler County,67916,37.7736487,-96.8388402,19,9,10,2,4,0,2,4,0,1,0,0.0,1.9,0.83900994444009092,88.7,79.1,8.8,25025,0.0,80375,0.09034422,0.031084776663628078,0.21585488,0.325705399,0.063630947,0.061372973,1.416420555,1
Chase County,2579,38.2994749,-96.5940289,1,0,1,0,0,0,0,0,0,0,0,0.0,0.0,0.78099147808333336,80.3,75.9,16.4,1145,0.0,54518,0.104963385,0.0074503311258278145,0.212485459,0.292735043,0.019182652,0.020016681,1.67804878,0
Chautauqua County,3370,37.1542592,-96.2453962,2,0,2,0,0,0,0,0,0,0,0,0.0,0.0,0.72526827281666684,83.5,61.6,13.0,1315,0.0,54592,0.168674699,0.062585969738651992,0.13115727,0.183478622,0.002934703,0.01027146,1.504273504,0
Cherokee County,19236,37.1693922,-94.8456975,9,2,4,1,0,0,0,0,0,0,0,0.0,0.0,0.78383178278333332,84.3,72.4,12.5,7727,0.0,58274,0.130570057,0.0356120826709062,0.139737991,0.201197605,0.020881416,0.025717112,1.451612903,0
Cheyenne County,2628,39.7899014,-101.7273171,2,0,2,0,0,0,0,0,0,0,0,0.0,0.0,0.71998941530000016,84.3,59.7,12.9,1186,0.0,55765,0.174131274,0.0178988326848249,0.152968037,0.216129032,0.035657686,0.05229794,1.497991968,0
Clark County,1987,37.2338311,-99.8138686,2,1,2,0,0,0,0,0,0,0,0,0.0,0.0,0.79922946617333335,85.6,74.2,8.1,813,0.0,65515,0.09447983,0.02063983488132095,0.216406643,0.309575234,0.010537408,0.055848261,1.492647059,0
Clay County,8071,39.3449643,-97.1688527,3,1,2,0,0,0,0,0,0,0,0,0.0,0.0,0.80996777199393966,84.7,77.3,12.8,3629,0.0,63136,0.129253428,0.011117136659436009,0.164911411,0.233549746,0.045791061,0.046339457,1.67201426,0
Cloud County,8973,39.4873286,-97.6413898,3,1,4,0,1,0,2,0,0,0,0,0.0,0.0,0.7844634991666668,83.6,73.3,13.7,3670,0.0,57333,0.101565258,0.042097998619737752,0.148445336,0.224016145,0.020893372,0.049231508,1.357758621,0
Coffey County,8304,38.2364502,-95.7291373,4,2,4,0,0,0,0,0,0,0,0,0.0,0.0,0.8325476604233335,86.4,80.1,10.6,3547,0.0,67377,0.095563974,0.059950859950859949,0.151372832,0.212187711,0.027443806,0.030318871,1.378424658,0
Comanche County,1685,37.1814417,-99.2512929,1,1,1,0,0,0,0,0,0,0,0,0.0,0.0,0.80733255501111112,84.4,77.1,15.3,821,0.0,49417,0.111797406,0.024361948955916472,0.143620178,0.191911182,0.001189061,0.033293698,1.461538462,0
Cowley County,34487,37.2345068,-96.8372468,13,3,5,1,2,2,2,0,1,1,0,0.2,1.5999999999999999,0.78704814854916638,84.0,73.4,13.2,13339,0.1574096297098333,58263,0.138569207,0.049740997316357734,0.15991533,0.242566854,0.031722054,0.03822409,1.382394366,1
Crawford County,38963,37.5058215,-94.8538967,7,4,5,1,1,2,0,0,1,0,0,0.0,3.3000000000000003,0.81061042585666665,86.0,76.1,11.5,15897,0.0,50311,0.207983419,0.034564021995286721,0.192207992,0.319742123,0.028173312,0.046124898,1.364913981,1
Decatur County,2746,39.783542,-100.4597084,1,0,1,0,0,0,0,0,0,0,0,0.0,0.0,0.80593672123333338,88.1,73.1,9.0,1373,0.0,52030,0.129601803,0.03711484593837535,0.2199563,0.278084715,0.010181818,0.026181818,1.26911315,0
Dickinson County,18423,38.8677353,-97.1579434,10,3,5,1,0,0,0,0,0,0,0,0.0,0.0,0.81224624653333366,89.8,72.7,8.4,7958,0.0,67982,0.088233664,0.023654513888888888,0.155240732,0.219308335,0.032229384,0.061124694,1.301127214,0
Doniphan County,7492,39.7885021,-95.1472253,3,1,3,1,2,0,2,0,0,0,0,0.0,0.0,0.82542042859791653,87.9,77.2,10.8,2670,0.0,72833,0.09800148,0.015103338632750398,0.142685531,0.214960788,0.04196933,0.032015066,1.364185111,0
Douglas County,119547,38.8964168,-95.2909475,15,5,4,2,3,12,5,0,1,0,0,0.0,10.3,0.827403023976768,91.5,73.9,3.0,49939,0.0,68756,0.152042047,0.046807716598725381,0.308096397,0.520306827,0.08410258,0.094733989,1.223334315,1
Edwards County,2817,37.8835945,-99.3047457,2,0,1,0,0,0,0,0,0,0,0,0.0,0.0,0.79289410317777775,85.3,73.2,12.4,1187,0.0,53792,0.164249456,0.046666666666666669,0.146254881,0.20693119,0.02952603,0.031080031,1.488986784,0
Elk County,2464,37.4560259,-96.2446421,1,0,1,1,1,0,0,0,0,0,0,0.0,0.0,0.76319478496666648,84.6,68.1,13.8,1076,0.0,56087,0.16721044,0.034550839091806514,0.149756494,0.205800335,0.024539877,0.047034765,1.311355311,0
Ellis County,28870,38.9145967,-99.3173133,6,1,3,1,1,2,0,2,1,0,0,0.0,3.3000000000000003,0.84285951414166638,92.3,76.3,6.2,12186,0.0,59889,0.177341873,0.031612903225806455,0.236854867,0.395465849,0.039609957,0.066440555,1.214234875,1
Ellsworth County,6366,38.7008451,-98.2053552,3,1,1,0,0,0,0,0,0,0,0,0.0,0.0,0.79712602371999985,85.7,73.7,10.9,2329,0.0,66792,0.084514925,0.028571428571428571,0.170750864,0.220576299,0.014338235,0.039705882,1.49244713,0
Finney County,38001,38.0498075,-100.7399674,13,3,2,2,4,0,2,0,0,0,0,0.0,0.0,0.81047339617931069,88.1,74.0,10.2,13198,0.0,72437,0.116912081,0.054128160861175993,0.116891661,0.197352053,0.021956195,0.027914967,1.377262443,0
Ford County,34133,37.6885096,-99.8847435,10,2,3,0,1,0,2,0,0,1,0,0.5,0.5,0.824247233732143,87.6,77.2,10.5,11768,0.41212361686607152,70495,0.14374416,0.046516930794664235,0.12208127,0.207138241,0.02798039,0.031806768,1.341373886,1
Franklin County,25994,38.5580187,-95.2789618,7,3,4,1,1,2,0,0,0,0,0,0.0,0.0,0.81112976853529417,83.9,78.4,13.2,10289,0.0,72142,0.096452109,0.024183006535947713,0.171693468,0.252961514,0.058792885,0.05685793,1.441371016,0
Geary County,35895,39.0021387,-96.7680996,11,2,1,0,0,0,0,0,0,0,0,0.0,0.0,0.82250760783333343,93.8,70.7,4.4,13787,0.0,57344,0.192671089,0.059711531275689407,0.133026884,0.243784143,0.034255285,0.05182006,1.194925373,0
Gove County,2796,38.9172385,-100.4873598,3,1,2,0,0,0,0,0,0,0,0,0.0,0.0,0.70093936800000012,80.2,60.0,18.4,1171,0.0,63203,0.040831207,0.035075161059413031,0.141630901,0.20952381,0.005934718,0.027448071,1.463054187,0
Graham County,2406,39.3549716,-99.8798939,1,0,1,0,0,0,0,0,0,0,0,0.0,0.0,0.79069044833333324,87.4,70.8,11.6,1181,0.0,52909,0.112610713,0.042105263157894736,0.199085619,0.273870783,0.016060862,0.019442096,1.234375,0
Grant County,7284,37.5475389,-101.2993618,2,1,1,0,1,0,0,0,0,0,0,0.0,0.0,0.8364585257,94.3,73.0,4.4,2377,0.0,72484,0.054211843,0.024576734025122882,0.152526085,0.255755064,0.006718925,0.033034714,1.161157025,0
Gray County,5696,37.7445134,-100.4517154,4,1,3,0,0,0,0,0,0,0,0,0.0,0.0,0.809230137825,86.5,75.4,12.5,2078,0.0,77885,0.069459557,0.021364576154376293,0.156952247,0.249372385,0.020422535,0.029929577,1.362369338,0
Greeley County,1296,38.4804041,-101.8059697,1,0,1,0,0,0,0,0,0,0,0,0.0,0.0,0.827457061,92.4,73.1,5.2,524,0.0,78819,0.1,0.0014619883040935672,0.214506173,0.334939759,0.043923865,0.084919473,1.214285714,0
Greenwood County,5956,37.8793472,-96.2417321,3,0,3,0,0,0,0,0,0,0,0,0.0,0.0,0.78928491553333324,81.7,76.1,13.5,2604,0.0,58276,0.148671662,0.027576697690451568,0.138347884,0.189861751,0.023395959,0.029422191,1.423076923,0
Hamilton County,2485,37.9952438,-101.7936887,1,0,1,0,0,0,0,0,0,0,0,0.0,0.0,0.81543726573333331,89.7,73.3,7.0,770,0.0,61929,0.037171717,0.0084602368866328256,0.127162978,0.208168643,0.0,0.02559727,1.396396396,0
Harper County,5446,37.188184,-98.0665901,3,0,2,1,0,0,0,0,0,0,0,0.0,0.0,0.78658668972777779,81.8,75.5,13.1,2205,0.0,55417,0.152775165,0.035259133389974509,0.146345942,0.216693855,0.021576398,0.022016733,1.496644295,0
Harvey County,33823,38.0501436,-97.4367065,7,3,5,1,3,3,0,0,0,0,0,0.0,0.0,0.83016102814745807,84.6,81.4,10.8,13478,0.0,73269,0.079597101,0.041812848680048309,0.211572007,0.31489549,0.045378151,0.052521008,1.325536993,0
Haskell County,3695,37.554979,-100.8799515,2,1,2,0,0,0,0,0,0,0,0,0.0,0.0,0.81601770773999993,89.2,74.0,8.5,1384,0.0,69138,0.107559755,0.04878048780487805,0.140460081,0.222174658,0.027429934,0.007751938,1.35106383,0
Hodgeman County,1676,38.0874927,-99.8984067,1,0,1,0,0,0,0,0,0,0,0,0.0,0.0,0.76548914356666664,79.9,73.2,18.9,666,0.0,63125,0.06043956,0.027972027972027972,0.195704057,0.283982684,0.029976019,0.061151079,1.513513514,0
Jackson County,13277,39.4110963,-95.7944922,3,2,3,1,0,0,0,0,0,0,0,0.0,0.0,0.83032971511666687,87.6,78.5,10.8,5100,0.0,72703,0.090895203,0.017637220617302721,0.142426753,0.210251279,0.036062529,0.041170098,1.357992074,0
Jefferson County,18391,39.239644,-95.375314,4,4,6,1,0,0,0,0,0,0,0,0.0,0.0,0.81410611548444423,88.7,74.2,9.6,7390,0.0,77393,0.063160793,0.02360313315926893,0.174541895,0.2456382,0.043213178,0.065140657,1.411648569,0
Jewell County,2909,39.7770053,-98.2226185,1,0,1,0,0,0,0,0,0,0,0,0.0,0.0,0.80502714043333323,81.0,80.0,16.6,1268,0.0,52344,0.128169503,0.004335260115606936,0.142660708,0.188208617,0.021770682,0.057329463,1.481228669,0
Johnson County,614764,38.8839065,-94.8223295,111,32,20,3,5,68,15,45,1,1,0,3.9000000000000004,3.9000000000000004,0.871683030843103,95.8,78.5,2.6,244777,3.399563820288102,107261,0.05334297,0.031597579833089959,0.388025324,0.568751386,0.108153586,0.168042731,1.168117344,1
Kearny County,3910,37.9944614,-101.3081363,2,2,2,0,0,0,0,0,0,0,0,0.0,0.0,0.85741253888333313,91.7,79.8,3.6,1365,0.0,74135,0.060637742,0.01347557551937114,0.091304348,0.146431501,0.026750142,0.018782015,1.256637168,0
Kingman County,7284,37.5529509,-98.1445285,3,2,3,1,0,0,0,0,0,0,0,0.0,0.0,0.8139220857,82.4,80.4,13.9,3088,0.0,59819,0.093758746,0.0371856607811664,0.167353103,0.238272088,0.035565435,0.027507641,1.427991886,0
Kiowa County,2422,37.5612306,-99.2865381,1,1,1,0,1,2,0,0,0,0,0,0.0,0.0,0.79349577393333326,80.1,78.6,14.8,948,0.0,73214,0.056586691,0.033699059561128529,0.189099917,0.275903614,0.02027575,0.04136253,1.642201835,0
Labette County,19949,37.1914676,-95.2974732,7,1,4,2,5,0,2,0,0,0,0,0.0,0.0,0.77987564279890642,79.8,76.1,17.7,8057,0.0,55439,0.160744675,0.028329219873376971,0.144067372,0.210703812,0.025179459,0.052678078,1.737759893,0
Lane County,1497,38.4812863,-100.4661853,2,0,2,0,0,0,0,0,0,0,0,0.0,0.0,0.71847885543333367,82.3,61.4,13.9,725,0.0,53042,0.081208054,0.0053120849933598934,0.175684703,0.246254682,0.005340454,0.073431242,1.826923077,0
Leavenworth County,82493,39.1895108,-95.038977,12,6,5,2,5,2,0,0,1,0,0,2.4,2.4,0.82359400892611712,90.8,73.9,7.2,29754,1.9766256214226809,86906,0.086405202,0.042845041943328686,0.24880899,0.366145174,0.05606783,0.074937909,1.294577554,1
Lincoln County,2924,39.0472275,-98.2143806,1,0,2,0,0,0,0,0,0,0,0,0.0,0.0,0.6918918919999999,78.4,60.0,19.0,1221,0.0,53546,0.118691263,0.017333333333333333,0.154582763,0.215340638,0.006784261,0.02917232,1.5,0
Linn County,9723,38.2165494,-94.8449321,4,1,3,0,0,0,0,0,0,0,0,0.0,0.0,0.77441210178000008,83.6,71.3,15.4,4299,0.0,59200,0.106811307,0.037370850736425591,0.159827214,0.224858921,0.027860242,0.025576616,1.407635468,0
Logan County,2720,38.9132702,-101.1574016,2,1,2,0,0,0,0,0,0,0,0,0.0,0.0,0.7921254596,90.5,68.0,8.5,1238,0.0,71389,0.131921219,0.012388162422573986,0.187867647,0.266562337,0.005574913,0.045296167,1.290178571,0
Lyon County,32145,38.4554034,-96.1616407,9,1,3,0,2,2,2,0,1,0,0,2.2,2.2,0.80854028167866665,88.6,73.1,8.6,13322,1.7787886196930667,59078,0.151574613,0.024945770065075923,0.167708819,0.277143738,0.040864118,0.038932147,1.339469809,1
Marion County,11795,38.3596474,-97.1027707,4,1,4,1,2,2,0,0,1,0,0,0.0,1.3,0.78221471445454571,83.9,72.5,13.0,4692,0.0,63438,0.100308922,0.030313351498637602,0.195676134,0.28767294,0.038285915,0.033017211,1.639885222,1
Marshall County,10001,39.7827091,-96.5212426,5,0,4,0,0,0,0,0,0,0,0,0.0,0.0,0.78341153186666668,85.6,71.0,12.0,4101,0.0,70828,0.093583436,0.018281895026538236,0.130686931,0.188790987,0.030837004,0.03484181,1.384722222,0
McPherson County,30130,38.395812,-97.6474893,9,3,5,1,2,6,0,0,2,0,0,1.4,2.5,0.84490975725833373,89.0,79.9,6.9,12151,1.1828736601616672,77701,0.090870653,0.020252853811218854,0.219980086,0.330854091,0.057379103,0.040340767,1.406818182,1
Meade County,3949,37.2438862,-100.3600936,3,0,2,0,0,0,0,0,0,0,0,0.0,0.0,0.81906847880666667,86.4,77.4,12.2,1496,0.0,74868,0.066199377,0.011548556430446194,0.146619397,0.227504912,0.038767924,0.038236856,1.467889908,0
Miami County,34625,38.5667718,-94.8329626,5,4,3,3,2,0,0,0,0,0,0,0.0,0.0,0.83959602174080461,86.4,81.5,9.8,13532,0.0,88000,0.066664706,0.0276690888764673,0.219379061,0.321469381,0.053233688,0.089450992,1.487790698,0
Mitchell County,5767,39.3930256,-98.2073621,2,0,1,0,2,0,2,0,0,0,0,0.0,0.0,0.80188725660833338,84.8,75.5,9.3,2567,0.0,58233,0.124733475,0.008771929824561403,0.173573782,0.254319106,0.015486726,0.052359882,1.364,0
Montgomery County,31143,37.1895369,-95.7424028,4,3,3,3,3,0,4,0,0,0,0,0.0,0.0,0.79592937832352972,84.2,75.0,13.2,12871,0.0,53242,0.162820768,0.038711057246738435,0.143370902,0.213075638,0.031592999,0.039750816,1.395631068,0
Morris County,5388,38.688204,-96.6514482,2,0,2,0,0,0,0,0,0,0,0,0.0,0.0,0.752941951,85.0,65.6,12.6,2499,0.0,56716,0.127711752,0.019886363636363636,0.202487008,0.27315974,0.021014493,0.099637681,1.363957597,0
Morton County,2647,37.1852495,-101.8095163,2,1,2,1,1,0,0,0,0,0,0,0.0,0.0,0.80158000188636347,84.4,75.9,12.4,950,0.0,65625,0.147788984,0.035836177474402729,0.116358141,0.165858912,0.023893805,0.02300885,1.18487395,0
Nemaha County,10213,39.7910427,-96.0053805,2,2,3,0,0,0,0,0,0,0,0,0.0,0.0,0.80268353567619055,85.6,74.9,9.7,4047,0.0,77375,0.07720291,0.008840864440078585,0.195535102,0.301297526,0.044995045,0.030525273,1.374422188,0
Neosho County,15715,37.5642832,-95.3156822,3,3,3,0,2,0,2,0,0,0,0,0.0,0.0,0.77515595914545465,82.2,72.8,14.8,6322,0.0,55704,0.154048716,0.0463514766256125,0.144893414,0.218061674,0.029856964,0.027496181,1.403326403,0
Ness County,2659,38.4804369,-99.9087452,2,1,2,0,0,0,0,0,0,0,0,0.0,0.0,0.76878124694666639,89.7,64.1,8.9,1163,0.0,66107,0.114065511,0.010238907849829351,0.158706281,0.230098146,0.027586207,0.037931034,1.314917127,0
Norton County,5392,39.7838666,-99.8992352,2,1,2,0,0,0,0,0,0,0,0,0.0,0.0,0.82071679147999987,92.6,71.5,6.6,1917,0.0,50305,0.085285422,0.006369426751592357,0.142433234,0.194282823,0.028599606,0.054240631,1.086440678,0
Osage County,15780,38.6502149,-95.7082554,4,2,5,0,2,0,0,0,0,0,0,0.0,0.0,0.79407300329487207,83.7,75.2,13.2,6362,0.0,70216,0.109988415,0.0253099173553719,0.146451204,0.209976377,0.035771065,0.054848967,1.407550823,0
Osborne County,3473,39.3482608,-98.7679416,2,0,3,0,0,0,0,0,0,0,0,0.0,0.0,0.73615536401999959,84.0,63.2,14.4,1609,0.0,59408,0.124554102,0.016022099447513812,0.166138785,0.23043131,0.028074116,0.026951151,1.324561404,0
Ottawa County,5782,39.1379632,-97.6548025,3,0,3,0,0,0,0,0,0,0,0,0.0,0.0,0.82088031807777773,87.5,76.7,10.2,2377,0.0,76755,0.121153166,0.032356948228882833,0.170183328,0.242723236,0.038366772,0.029567054,1.35770235,0
Pawnee County,6220,38.1814768,-99.2347717,2,1,1,0,1,0,0,0,0,0,0,0.0,0.0,0.82619208822777779,89.2,76.0,10.6,2415,0.0,63625,0.112239247,0.012195121951219513,0.146945338,0.187756779,0.025044092,0.029982363,1.287378641,0
Phillips County,4874,39.7845058,-99.3421498,2,3,2,0,0,0,0,0,0,0,0,0.0,0.0,0.77117677978333332,85.7,68.5,12.2,2182,0.0,61235,0.138429319,0.031746031746031744,0.156339762,0.223263991,0.026140895,0.05006646,1.410199557,0
Pottawatomie County,25808,39.3821868,-96.3371126,8,3,4,1,0,0,0,0,0,0,0,0.0,0.0,0.81871759149206391,91.2,72.5,6.0,9084,0.0,87694,0.07111146,0.019058119388880138,0.233144761,0.365419653,0.055956969,0.066473988,1.238998483,0
Pratt County,9120,37.6475943,-98.7401199,2,1,2,0,2,0,2,0,0,0,0,0.0,0.0,0.81272792145833339,84.2,78.3,12.0,3521,0.0,64348,0.095489782,0.037154508382419571,0.16995614,0.265592872,0.026588235,0.040941176,1.550949914,0
Rawlins County,2533,39.7861975,-101.0767378,1,0,1,0,0,0,0,0,0,0,0,0.0,0.0,0.80345174263333341,85.0,75.7,13.8,1166,0.0,65000,0.100921105,0.011661807580174927,0.125148046,0.172940535,0.036873156,0.054572271,1.264227642,0
Reno County,61693,37.9481849,-98.0783463,13,6,5,5,3,0,3,0,0,0,0,0.0,0.0,0.82630245767828758,82.7,82.5,12.7,25344,0.0,60498,0.124369748,0.039280300533843009,0.141247791,0.205489789,0.033031488,0.042395555,1.472245409,0
Republic County,4662,39.8289061,-97.650883,2,1,2,0,0,0,0,0,0,0,0,0.0,0.0,0.75935602609333319,75.0,76.8,23.0,1994,0.0,53611,0.145929339,0.010478359908883827,0.178893179,0.253726803,0.051104972,0.063996317,1.815718157,0
Rice County,9389,38.3471776,-98.2014154,4,2,4,0,1,2,0,0,0,0,0,0.0,0.0,0.80814911937333322,85.7,76.0,11.1,3694,0.0,63947,0.073625243,0.033492822966507178,0.157418255,0.242692939,0.042529253,0.047929793,1.574952562,0
Riley County,71710,39.2912101,-96.7274879,11,3,3,1,1,6,3,3,1,0,0,6.6,9.0,0.82982761663283611,90.9,75.1,5.3,27137,5.476862269776718,59560,0.22035586,0.04692138013670652,0.241849114,0.479764309,0.072775587,0.088719355,1.204648443,1
Rooks County,4869,39.3460064,-99.3244921,3,1,3,0,0,0,0,0,0,0,0,0.0,0.0,0.77068670166666675,84.1,70.1,11.3,2142,0.0,61596,0.053175457,0.021044111695669769,0.176216882,0.240201568,0.038859033,0.027697396,1.469964664,0
Rush County,2957,38.5235962,-99.3091835,2,1,2,1,0,0,0,0,0,0,0,0.0,0.0,0.76188642244,90.4,61.9,9.1,1382,0.0,60288,0.11419646,0.051080550098231828,0.154548529,0.215160075,0.035886818,0.06763285,1.338870432,0
Russell County,6717,38.9160397,-98.7709489,3,1,1,0,0,0,0,0,0,0,0,0.0,0.0,0.76243126118245585,86.9,65.6,11.6,3099,0.0,53902,0.15349335,0.018571428571428572,0.129224356,0.180758017,0.039883552,0.074235808,1.482919255,0
Saline County,53801,38.7918043,-97.6514783,10,2,4,1,1,2,2,2,1,0,0,0.0,2.5,0.82186882977435927,87.4,77.0,10.6,22299,0.0,63316,0.123432482,0.035936299504086049,0.197951711,0.2908644,0.038978446,0.03608042,1.373196836,1
Scott County,5071,38.4818768,-100.9063604,1,1,1,0,1,0,0,0,0,0,0,0.0,0.0,0.79339252333333343,81.8,76.9,10.6,2190,0.0,67788,0.08838435,0.011139992573338284,0.226188129,0.333915575,0.033045437,0.054449869,1.905829596,0
Sedgwick County,524810,37.681045,-97.4610535,84,29,22,8,17,88,66,110,2,0,0,2.6,11.4,0.84727009155061694,90.8,78.6,7.2,205024,2.2029022380316041,67675,0.14042855,0.052271102246641325,0.206613822,0.315854937,0.060629765,0.068424396,1.278839023,1
Seward County,21640,37.1809599,-100.8552566,6,2,2,0,1,0,2,0,0,1,0,0.0,1.2,0.82179611247543871,87.0,77.3,10.6,7208,0.0,62269,0.129774938,0.042369772560528249,0.073983364,0.126621322,0.022888336,0.02604865,1.335959885,1
Shawnee County,178315,39.0418053,-95.755664,27,9,9,3,7,32,0,32,1,0,0,0.0,2.4,0.78424601496666679,86.2,70.7,10.9,74528,0.0,66043,0.12368945,0.041579876833906904,0.220357233,0.32334063,0.054687408,0.058100941,1.434228457,1
Sheridan County,2442,39.3505465,-100.4412278,2,0,1,0,0,0,0,0,0,0,0,0.0,0.0,0.83846053557777789,92.4,75.3,7.6,1022,0.0,70000,0.104391052,0.0061443932411674347,0.163390663,0.242553191,0.007727975,0.028593509,1.155555556,0
Sherman County,5919,39.3513521,-101.719859,2,0,1,1,2,0,3,0,0,0,0,0.0,0.0,0.84608314063333312,91.8,77.4,7.3,2358,0.0,64444,0.100288081,0.0037771482530689331,0.161513769,0.251380489,0.022432859,0.033807267,1.314148681,0
Smith County,3579,39.7846603,-98.7854295,2,0,2,0,0,0,0,0,0,0,0,0.0,0.0,0.79148858093333341,85.0,73.3,12.0,1578,0.0,57024,0.078369906,0.016255605381165918,0.182732607,0.245587683,0.017663818,0.035327635,1.48013245,0
Stafford County,4004,38.0356303,-98.7198888,3,0,3,0,0,0,0,0,0,0,0,0.0,0.0,0.84067188469999987,86.4,81.7,12.7,1598,0.0,63786,0.108121957,0.025793650793650792,0.181068931,0.263349074,0.010183299,0.035641548,1.375,0
Stanton County,2018,37.5659319,-101.7893829,1,0,1,0,0,0,0,0,0,0,0,0.0,0.0,0.426399027,85.3,-1.0,14.0,822,0.0,70361,0.128772636,0.022058823529411766,0.153121903,0.23696319,0.077336198,0.035445757,1.143939394,0
Stevens County,5212,37.2017002,-101.317268,2,1,2,1,0,0,0,0,0,0,0,0.0,0.0,0.83501525145555555,90.1,76.9,7.2,1789,0.0,61909,0.152821317,0.044794690999585232,0.101496546,0.16231973,0.00694746,0.029960921,1.356223176,0
Sumner County,22386,37.2366617,-97.4933519,9,3,6,3,2,0,0,0,0,0,0,0.0,0.0,0.81058994629868453,84.7,77.5,12.9,8974,0.0,60348,0.107548033,0.059531646760086522,0.180961315,0.26716349,0.0371,0.0542,1.650269024,0
Thomas County,7913,39.3577126,-101.0833859,2,2,3,0,1,0,2,0,0,0,0,0.0,0.0,0.8089890304125,89.6,72.2,9.1,3101,0.0,73575,0.068910256,0.0014144271570014145,0.188676861,0.302471637,0.054060434,0.076487252,1.182552504,0
Trego County,2778,38.9213022,-99.865423,1,0,1,0,0,0,0,0,0,0,0,0.0,0.0,0.77832976249999986,89.0,66.7,10.3,1346,0.0,73375,0.05510355,0.010731052984574111,0.220302376,0.287458901,0.011525424,0.035254237,1.275,0
Wabaunsee County,6961,38.9551537,-96.2012619,3,1,2,0,0,0,0,0,0,0,0,0.0,0.0,0.755868285061111,84.1,67.1,14.6,2616,0.0,70536,0.070546737,0.039871944121071014,0.183163339,0.26645768,0.040012125,0.033949682,1.632653061,0
Wallace County,1459,38.9266259,-101.7711031,2,0,2,0,0,0,0,0,0,0,0,0.0,0.0,0.82326606006666658,87.3,77.4,9.4,660,0.0,60263,0.128222997,0.0125,0.15695682,0.226732673,0.0,0.016877637,1.287878788,0
Washington County,5519,39.7767152,-97.0956096,4,1,3,0,0,0,0,0,0,0,0,0.0,0.0,0.70791239809166662,76.6,64.9,20.0,2371,0.0,62452,0.081180812,0.015290519877675841,0.161261098,0.2330453,0.028338509,0.038431677,1.776536313,0
Wichita County,2115,38.4819222,-101.3474341,1,0,1,0,0,0,0,0,0,0,0,0.0,0.0,0.83357263723333341,93.6,73.1,4.1,878,0.0,71282,0.163167939,0.00522466039707419,0.130496454,0.188395904,0.049369748,0.012605042,1.114427861,0
Wilson County,8559,37.5585146,-95.7451749,4,0,3,1,1,0,0,0,0,0,0,0.0,0.0,0.76856789845925944,79.3,74.4,17.7,3515,0.0,57056,0.157907225,0.03546626984126984,0.147563968,0.212554695,0.049884289,0.048598611,1.622047244,0
Woodson County,3118,37.8881929,-95.7584691,1,0,1,0,0,0,0,0,0,0,0,0.0,0.0,0.75189545636666666,82.8,67.6,15.7,1226,0.0,48152,0.123091913,0.025129342202512936,0.170942912,0.226039016,0.017437453,0.013646702,1.377952756,0
Wyandotte County,167277,39.1153842,-94.7630866,35,10,8,4,6,12,12,0,0,0,0,0.0,0.0,0.81814279208319907,86.7,76.9,9.5,61241,0.0,60582,0.175001663,0.053992312713032127,0.12977875,0.204705328,0.045025362,0.054774043,1.36004682,0
